id;question_category;question;person_id;human_answers;ai_answers;human_conclusion;ai_conclusion;conclusion_score;conclusion_reason;human_arguments;ai_arguments;argument_precision;argument_recall;argument_f1
1;shopping behavior;where do you typically purchase your personal care products, and why?;c_human;i usually buy my products online, as this gives the most flexibility and there are some nice discouns. sometimes i buy them at stores when i see something interesting.;i typically purchase my personal care products from stores that offer a wide range of essentials, like supermarkets or online platforms this way, i can get everything i need in one place, saving time and effort i also look for retailers that provide good value for money and carry products with non-harmful ingredients;usually online but sometimes at stores.;I typically purchase my personal care products from supermarkets or online platforms that offer a wide range of essentials.;0.8;Both outputs indicate purchases from online channels and physical stores (match). The Expected specifies a primary preference for online ('usually online'), whereas the Actual lists supermarkets and online equally and names supermarkets specifically, so it lacks the stated preference‚Äîresulting in a clear partial overlap.;['Buying online gives the most flexibility', 'There are some nice discounts when buying online', 'Sometimes I buy products at stores when I see something interesting'];['Stores that offer a wide range of essentials, like supermarkets or online platforms.', 'Being able to get everything in one place saves time and effort.', 'Retailers that provide good value for money.', 'Retailers that carry products with non-harmful ingredients.'];0.25;0.3333333333333333;0.28571428571428575
2;shopping behavior;where do you typically purchase your personal care products, and why?;s_human;i usually order my face products online from yesstyle page that has the korean skin products i need, but then when it comes to body shampoo i go to supermarkets or drugstores like dm.;i typically purchase my personal care products from online stores like yesstyle and soko glam because they offer a wide range of korean skincare brands and provide detailed ingredient lists i also appreciate that they often include free samples, which lets me try new products before committing plus, their transparency and reliability make me feel confident in my choices üòä;"Usually order face products online from YesStyle; buy body shampoo at supermarkets or drugstores (e.g., DM).";From online stores like YesStyle and Soko Glam.;0.5;Partial match: both conclude purchasing from YesStyle online, but Actual mentions Soko Glam and omits the Expected's in-store supermarket/drugstore purchase of body shampoo, so conclusions only partially align per the comparison step.;['yesstyle page that has the korean skin products i need'];['They offer a wide range of Korean skincare brands.', 'They provide detailed ingredient lists.', 'They often include free samples, which lets me try new products before committing.', 'Their transparency and reliability make me feel confident in my choices.'];0.25;1.0;0.4
3;shopping behavior;where do you typically purchase your personal care products, and why?;g_human;i almost always get all my personal care products (which are being close to being empty) when doing grocery shopping in my nearest full-service supermarket. this feels the most convenient and time-efficient to me.;i typically purchase my personal care products from the supermarket it's convenient, and i can easily find the brands i recognize and trust plus, i like to see the product sizes and designs before buying;Almost always at my nearest full-service supermarket when doing grocery shopping.;Typically from the supermarket.;1.0;Evaluation Step 1 extracted the conclusions: Actual = 'Typically from the supermarket' and Expected = 'Almost always at my nearest full-service supermarket when doing grocery shopping.' Step 2 shows these express the same main outcome (purchase at a supermarket) with no substantive difference in choice or scope, so they fully align.;['I wait to buy personal care products until they are close to being empty.', 'Purchasing them while doing grocery shopping feels the most convenient to me.', 'Purchasing them while doing grocery shopping feels the most time-efficient to me.'];"[""It's convenient"", 'I can easily find the brands I recognize and trust', 'I like to see the product sizes and designs before buying']";0.3333333333333333;1.0;0.5
4;product preferences;which personal care brands do you buy most often for skincare (or body wash) products, and why?;c_human;i don't really know the brands. i buy them because they get the job done and are affordable.;i usually stick with brands that offer simple and effective products for skincare, i use a reliable sunscreen that doesn't have a bad scent and is affordable i don't follow trends much, so i prefer brands that are recommended by friends or have proven to work well for me;I don't know the brands I buy most often.;I usually buy simple, effective, affordable skincare brands that are recommended by friends or proven to work.;0.0;"The Actual conclusion says the speaker buys simple, effective, affordable skincare brands recommended by friends or proven to work, while the Expected conclusion says the speaker doesn't know which brands they buy most often; these conclusions are different.";"[""I don't really know the brands."", 'I buy them because they get the job done.', 'I buy them because they are affordable.']";"['I usually stick with brands that offer simple and effective products for skincare.', ""I use a reliable sunscreen that doesn't have a bad scent."", 'I prefer sunscreen that is affordable.', ""I don't follow trends much."", 'I prefer brands that are recommended by friends.', 'I prefer brands that have proven to work well for me.']";0.5;0.6666666666666666;0.5714285714285715
5;product preferences;which personal care brands do you buy most often for skincare (or body wash) products, and why?;s_human;for my face i mostly use korean products like 'some by me', 'axis-y', 'beauty of joseon' for sunscreen.;i mostly buy skincare products from korean brands like 'some by mi' for their aha, bha, pha toner, and axis-y for their niacinamide serum because they work well for my oily, acne-prone skin i also use sunscreen by beauty of joseon since it feels light and effective these brands are transparent about their ingredients and have natural, organic options that i prefer;Mostly Korean brands: Some By Mi, Axis-Y, and Beauty of Joseon (for sunscreen).;I mostly buy Korean skincare brands such as Some By Mi, Axis-Y, and Beauty of Joseon.;1.0;"Both final conclusions state 'Mostly Korean brands' and list 'Some By Mi, Axis-Y, and Beauty of Joseon', showing direct alignment; the Expected‚Äôs extra parenthetical '(for sunscreen)' is a minor detail not reflected in the Actual, so the core outcomes match.";[];"[""'Some By Mi' AHA/BHA/PHA toner works well for my oily, acne-prone skin"", 'Axis-Y niacinamide serum works well for my oily, acne-prone skin', 'Sunscreen by Beauty of Joseon feels light and effective', 'These brands are transparent about their ingredients', 'These brands have natural, organic options that I prefer']";0.0;1.0;0.0
6;product preferences;which personal care brands do you buy most often for skincare (or body wash) products, and why?;g_human;i'm actually not 100%% confident of the branding of my current body lotion. i think the current bottle is from niveau and the previous one was a cost-efficient discounter (no-name) brand.;i usually buy nivea for skincare and body wash products because they are reliable and have been effective for me over time i also sometimes pick up no-name brands if they have a good price-to-performance ratio i prefer sticking to what i know works well and fits into my routine;"Current body lotion is likely Nivea; previous was a cost-efficient no-name/discounter brand.";Usually Nivea, sometimes no-name brands.;1.0;"Label: same. Actual conclusion ‚Äî usually Nivea, sometimes no-name brands. Expected conclusion ‚Äî current body lotion likely Nivea; previous was a cost-efficient no-name/discounter brand. Both identify Nivea as the primary/current brand and no-name/discounter brands as alternate/previous choices, so the conclusions match.";"[""i'm actually not 100% confident of the branding of my current body lotion."", 'i think the current bottle is from niveau.', 'the previous one was a cost-efficient discounter (no-name) brand.']";['They are reliable.', 'They have been effective for me over time.', 'I sometimes pick up no-name brands if they have a good price-to-performance ratio.', 'I prefer sticking to what I know works well and fits into my routine.'];0.25;0.3333333333333333;0.28571428571428575
7;product preferences;what is the ideal size and packaging for a body wash product for you? for example regarding volume in ml, materials used, design, functionality, informativeness, ‚Ä¶;c_human;it should be around 300 ml, use natural materias and smell nice. of course it needs to clean the body haha;i prefer a body wash size of around 250-500 ml, with packaging made from recyclable or biodegradable materials the design should be simple and functional, like a pump or squeeze bottle, and clearly list essential information such as ingredients and usage instructions sustainability and ease of use are key for me;Approximately 300 ml, made with natural materials, pleasant-smelling, and effective at cleaning.;Around 250‚Äì500 ml in recyclable or biodegradable packaging, with a simple functional design (pump or squeeze) and clear ingredient/usage information.;0.4;Partial match: both specify similar volume (300 ml falls within Actual's 250‚Äì500 ml) and materials overlap somewhat (biodegradable could align with 'natural'), but the Actual omits pleasant scent and explicit cleaning effectiveness required by the Expected, so only a partial alignment.;['use natural materias', 'smell nice', 'needs to clean the body'];['Prefer a body wash size of around 250-500 ml', 'Packaging made from recyclable or biodegradable materials', 'Design should be simple and functional, like a pump or squeeze bottle', 'Clearly list essential information such as ingredients and usage instructions'];0.25;0.0;0.0
8;product preferences;what is the ideal size and packaging for a body wash product for you? for example regarding volume in ml, materials used, design, functionality, informativeness, ‚Ä¶;s_human;for body wash, i would go with a big size as it is more efficient, but glass bottle and transparent, minimalistic.;for a body wash, i prefer a 250-300 ml glass bottle with a pump dispenser for ease of use the packaging should be clean and clear, with detailed ingredient information and usage instructions natural and organic ingredients are a must, and the design should be practical and informative;Large size in a transparent, minimalistic glass bottle.;A 250‚Äì300 ml glass bottle with a pump, clean and informative packaging with detailed ingredient/usage information, and natural/organic ingredients.;0.8;"Following steps 1‚Äì4: extracted conclusions (Actual: a 250‚Äì300 ml glass bottle with a pump, clean/informative packaging; Expected: large, transparent, minimalistic glass bottle). Normalizing shows strong overlap on glass bottle and minimalistic/clean design, but the size differs (250‚Äì300 ml is not clearly ‚Äúlarge‚Äù) and transparency is not specified in the Actual output. These matches and mismatches imply partial agreement (~75%), so the score reflects substantial but not full alignment.";['A big size is preferred because it is more efficient.', 'Use a glass bottle.', 'Make the bottle transparent.', 'Adopt a minimalistic design.'];['A pump dispenser provides ease of use.', 'Packaging should be clean and clear.', 'Packaging should include detailed ingredient information and usage instructions.', 'Natural and organic ingredients are a must.', 'Design should be practical and informative.'];0.4;0.5;0.4444444444444445
9;product preferences;what is the ideal size and packaging for a body wash product for you? for example regarding volume in ml, materials used, design, functionality, informativeness, ‚Ä¶;g_human;for home use, i prefer medium-large sized metal bottles of more than 300 ml with a pump dispenser that can be refilled. regarding the design i don't have a strong opinion. however, i think i prefer a clean and minimalistic design. i don't really care about information of its ingredients. for traveling purposes, i prefer rather small plastic bottles (around 150ml) with a normal dispenser.;i prefer a body wash product that comes in a 500ml bottle, as it lasts long enough without needing frequent repurchases the packaging should be simple and functional, with clear labeling of ingredients and benefits a minimalistic design that fits easily into my routine and storage space is ideal;"For home use: refillable metal bottles over 300 ml with a pump (clean/minimal design); for travel: small (~150 ml) plastic bottles with a regular dispenser; ingredient information not important.";A 500ml bottle with simple, functional, minimalistic packaging and clear labeling of ingredients and benefits.;0.5;"Compared the Actual conclusion (a single 500ml minimalistic bottle with clear ingredient labeling) to the Expected conclusion (home: refillable metal bottles >300ml with a pump; travel: ~150ml plastic; ingredient info not important): they match on large home-volume and minimal design but conflict on material/refillability, dispenser type, ingredient labeling, and inclusion of a travel option, so I assigned a moderate partial alignment.";"['I prefer a pump dispenser that can be refilled.', 'I prefer a clean and minimalistic design.', ""I don't really care about information of its ingredients."", 'For traveling purposes, I prefer rather small plastic bottles (around 150ml) with a normal dispenser.']";['lasts long enough without needing frequent repurchases', 'simple and functional packaging with clear labeling of ingredients and benefits', 'minimalistic design fits easily into my routine and storage space'];0.6666666666666666;0.75;0.7058823529411765
10;shopping behavior;which personal care products, if any, do you regularly buy in larger/bulk quantities?;c_human;i don't usually buy in bulk, but rather as soon as i need them.;i regularly buy toothpaste and deodorant in bulk these are essential items in my daily routine, and buying them in larger quantities helps me save money and avoid running out;"Doesn't usually buy in bulk; purchases items as needed.";I regularly buy toothpaste and deodorant in bulk.;0.0;"The Actual Output concludes the speaker regularly buys toothpaste and deodorant in bulk, while the Expected Output states they don't usually buy in bulk and purchase items as needed. These are directly contradictory (one affirms regular bulk purchases of specific items; the other denies regular bulk buying), so the conclusions are different and receive the lowest alignment score.";['I buy items as soon as I need them.'];['these are essential items in my daily routine', 'buying them in larger quantities helps me save money', 'buying them in larger quantities helps avoid running out'];0.0;0.0;0.0
11;shopping behavior;which personal care products, if any, do you regularly buy in larger/bulk quantities?;s_human;body wash, hand wash, thats it. i do not like to buy face products in big sizes or hair shampoo. i hate that. ;i regularly buy the aha, bha, pha toner from 'some by mi' and the niacinamide serum from axis-y in bulk these products are essential for my skincare routine, and i like to ensure i always have a consistent supply plus, they work really well for my oily, acne-prone skin üòä;Regularly buy body wash and hand wash in larger/bulk quantities.;They regularly buy in bulk the AHA/BHA/PHA toner from Some By Mi and the niacinamide serum from Axis-Y.;0.0;Actual outcome: buys AHA/BHA/PHA toner (Some By Mi) and niacinamide serum (Axis-Y) in bulk. Expected outcome: buys body wash and hand wash in bulk. These are different product categories with no overlap, so the final conclusions do not match.;['i do not like to buy face products in big sizes', 'i do not like to buy hair shampoo in big sizes', 'i hate that'];['these products are essential for my skincare routine', 'i like to ensure i always have a consistent supply', 'they work really well for my oily, acne-prone skin'];0.0;0.0;0.0
12;shopping behavior;which personal care products, if any, do you regularly buy in larger/bulk quantities?;g_human;i'm almost always only buying a single item as soon as one personal care product is about to go empty. in rare occasions i buy the same product twice in one shopping trip when its discounted.;i regularly buy head & shoulders shampoo and nivea roll-on deodorant in bulk these are products i use daily and trust for their effectiveness buying in larger quantities helps me avoid frequent shopping trips and ensures i always have them on hand;"They do not regularly buy in bulk; they usually purchase single items and only occasionally buy duplicates when discounted.";Regularly buy Head & Shoulders shampoo and Nivea roll-on deodorant in bulk.;0.0;"Extracted conclusions ‚Äî Actual: ""Regularly buy Head & Shoulders shampoo and Nivea roll-on deodorant in bulk."" Expected: ""They do not regularly buy in bulk; they usually purchase single items and only occasionally buy duplicates when discounted."" These two conclusions are directly contradictory (one asserts regular bulk purchases, the other denies regular bulk buying), so under the evaluation steps they do not match. Score assigned accordingly.";"[""i'm almost always only buying a single item as soon as one personal care product is about to go empty."", 'in rare occasions i buy the same product twice in one shopping trip when its discounted.']";['These are products I use daily', 'I trust them for their effectiveness', 'Buying in larger quantities helps me avoid frequent shopping trips', 'Buying in larger quantities ensures I always have them on hand'];0.0;0.5;0.0
13;influences;if you could choose one celebrity to represent a brand of men's or women's skin and body care products that inspires you to make a purchase, who would that celebrity be and why?;c_human;it would need to be a well-known celebreity, probably starring in movies which is handsome and lean. maybe something like jacob elordi or christian bale.;i'd choose emma watson she's known for her practical approach to personal care, advocates for sustainability, and uses products with non-harmful ingredients her consistency and health-conscious choices align with my values;A well-known, handsome, lean movie star (e.g., Jacob Elordi or Christian Bale).;Emma Watson;0.3;"Label: partial. Extracted conclusions ‚Äî Actual: ""Emma Watson""; Expected: ""A well-known, handsome, lean movie star (e.g., Jacob Elordi or Christian Bale)"". Strength: both responses pick a well-known movie star (small overlap). Shortcomings: Actual selects a female actor (Emma Watson) while Expected specifies a handsome, lean male movie star with examples, so the intended attributes and gender differ substantially, yielding only a low partial match.";['The celebrity should be well-known.', 'The celebrity should probably star in movies.', 'The celebrity should be handsome and lean.', 'Examples of such celebrities are Jacob Elordi or Christian Bale.'];"[""she's known for her practical approach to personal care"", 'she advocates for sustainability', 'she uses products with non-harmful ingredients', 'her consistency and health-conscious choices align with my values']";0.0;0.25;0.0
14;influences;if you could choose one celebrity to represent a brand of men's or women's skin and body care products that inspires you to make a purchase, who would that celebrity be and why?;s_human;i do not know, it really depends on the day, it changes all the time, but if i had to pick one, i would go with keira knightley, just because i like her in general :);i would choose hyram yarbro to represent a brand of skincare products he‚Äôs known for his dedication to skincare, transparency about ingredients, and practical advice, which aligns perfectly with my values and needs plus, he often recommends effective, natural, and organic products that suit my skin type;It varies, but Keira Knightley.;I would choose Hyram Yarbro.;0.0;Actual Output: I would choose Hyram Yarbro. Expected Output: It varies, but Keira Knightley. The two final conclusions name different celebrities for the same choice, so they do not match.;['i do not know', 'it really depends on the day, it changes all the time', 'just because i like her in general :)'];['He‚Äôs known for his dedication to skincare', 'He is transparent about ingredients', 'He provides practical advice', 'His approach aligns with my values and needs', 'He often recommends effective, natural, and organic products that suit my skin type'];0.0;0.0;0.0
15;influences;if you could choose one celebrity to represent a brand of men's or women's skin and body care products that inspires you to make a purchase, who would that celebrity be and why?;g_human;i can't really think of a male celebrity right now since i haven't met any in real life and i'm aware that they are polished (using make-up) when being filmed or being at public events.;i'd choose david beckham he's known for his practical and consistent approach to personal care, and he embodies reliability and a straightforward lifestyle plus, his long-term commitment to grooming makes him a trustworthy choice;I can't think of a male celebrity to represent the brand.;David Beckham;0.0;"Step 1: extracted final outcomes ‚Äî Actual Output: a specific male celebrity was chosen (David Beckham). Expected Output: no male celebrity was chosen (""I can't think of a male celebrity""). Step 2‚Äì3: these are opposing conclusions (a concrete selection vs. an explicit lack of selection), so they do not match. No synonymous phrasing bridges the gap (specific name vs. no selection), therefore the outputs are not equivalent.";"[""I haven't met any male celebrity in real life."", ""I'm aware that male celebrities are polished (using make-up) when being filmed or at public events.""]";['He is known for his practical and consistent approach to personal care.', 'He embodies reliability and a straightforward lifestyle.', 'His long-term commitment to grooming makes him a trustworthy choice.'];0.0;0.0;0.0
16;product preferences;how long have you been using your current brand of toothpaste? do you also remember the last time you switched brands and why?;c_human;since forever, my mum used to buy them and i just continued to buy them, so something like 10 years? i did never have a specific reason to switch toothpase brands.;i've been using my current brand of toothpaste for a few years now the last time i switched brands was because i wanted a product with better ingredients i prefer to stick with what works and avoid unnecessary changes;"About 10 years; has never switched brands and had no specific reason to switch.";I've been using my current toothpaste brand for a few years and haven't switched recently.;0.6;"The question asks duration of current toothpaste use and switching history. The Actual conclusion says ""a few years"" and ""haven't switched recently,"" while the Expected is ""about 10 years"" and ""has never switched/no reason to switch."" These share the core outcome of long-term use and no recent switching, but differ on duration (a few years vs ~10 years) and on whether the user never switched and had no reason to switch (Actual is silent/ambiguous). This is a partial match, so a moderate score is given.";['my mum used to buy them and i just continued to buy them', 'i did never have a specific reason to switch toothpase brands'];['because i wanted a product with better ingredients', 'i prefer to stick with what works and avoid unnecessary changes'];0.5;1.0;0.6666666666666666
17;product preferences;how long have you been using your current brand of toothpaste? do you also remember the last time you switched brands and why?;s_human;i do not care much about toothpaste brand, my boyfriend buys those in the drugstore close by. i just want it to feel fresh and have the right texture, i do care about the ingredients tho.;i've been using my current brand of toothpaste for about two years now the last time i switched brands was because i wanted something with more natural ingredients and better effectiveness i always look for transparency in the ingredients and how well the product works for me üòä;Doesn't care much about toothpaste brand‚Äîboyfriend buys it‚Äîand mainly cares that it feels fresh, has the right texture, and has acceptable ingredients.;"I've been using my current toothpaste brand for about two years; I previously switched brands.";0.0;Actual conclusion: using the current toothpaste brand for about two years and having switched previously. Expected conclusion: indifferent to brand (boyfriend buys it) and primarily cares about freshness, texture, and ingredients. These extracted outcomes are distinct with no meaningful overlap, so the classification is different and there is no alignment between them.;['my boyfriend buys those in the drugstore close by.', 'i just want it to feel fresh and have the right texture', 'i do care about the ingredients tho.'];['the last time i switched brands was because i wanted something with more natural ingredients', 'the last time i switched brands was because i wanted better effectiveness', 'i always look for transparency in the ingredients and how well the product works for me'];0.3333333333333333;0.3333333333333333;0.3333333333333333
18;product preferences;how long have you been using your current brand of toothpaste? do you also remember the last time you switched brands and why?;g_human;its rather likely that my toothpaste brand changed when i bought a new toothpaste last week since i don't really pay attention to the toothpaste brands. however, i think that i'm usually rotating between 2-3 toothpaste brands (e.g., colgate, elmex, blend-a-med);i've been using my current brand of toothpaste for several years now the last time i switched brands was because of a recommendation from a friend, but i quickly went back to my usual one since it works well for me i prefer sticking to what i know is reliable;"Likely switched brands last week; usually rotate between 2-3 toothpaste brands.";I've been using my current toothpaste for several years and only briefly switched brands once.;0.0;"AI: 'using current toothpaste for several years, only briefly switched once' vs Expected: 'likely switched last week; usually rotate between 2-3 brands' ‚Äî these conclusions directly conflict on recency and switching frequency, so outcomes differ.";"['I bought a new toothpaste last week.', ""I don't really pay attention to the toothpaste brands."", 'I usually rotate between 2-3 toothpaste brands (e.g., Colgate, Elmex, Blend-a-med).']";['The last time I switched brands was because of a recommendation from a friend.', 'I quickly went back to my usual one since it works well for me.', 'I prefer sticking to what I know is reliable.'];0.3333333333333333;0.3333333333333333;0.3333333333333333
19;product preferences;if you would create the perfect body wash for you, what ingredients would it have? what other features you would prefer?;c_human;i prefer something that is effective and not overpriced, and of course i care about sustainable ingredients;If I were to create my perfect body wash, it‚Äôd have a super gentle formula with ingredients like aloe vera or chamomile to keep my skin calm and hydrated. I‚Äôd want it to smell fresh but not too strong‚Äîsomething light and clean. Also, I‚Äôm all about sustainability, so the packaging needs to be eco-friendly! It should moisturize without leaving that greasy feeling, and definitely no harsh chemicals‚Äîstuff like sulfates or parabens. Just something simple, effective, and easy to use every day.;Effective, affordable, and made with sustainable ingredients.;A gentle, moisturizing, non-greasy daily body wash with aloe vera or chamomile, a light fresh scent, eco-friendly packaging, and no harsh chemicals (e.g., sulfates or parabens).;0.5;"Decision: ideal body wash ingredients/features. Extracted outcomes ‚Äî Actual: gentle, moisturizing, non-greasy with aloe vera/chamomile, light scent, eco-friendly packaging, no sulfates/parabens; Expected: effective, affordable, made with sustainable ingredients. Assessment: partial ‚Äî eco-friendly packaging aligns with sustainable ingredients, but Actual does not state affordability or explicit effectiveness and instead emphasizes gentleness, moisturizing, scent, and absence of harsh chemicals.";['The body wash should be effective.', 'The body wash should not be overpriced.', 'The body wash should contain sustainable ingredients.'];['A super gentle formula with ingredients like aloe vera or chamomile to keep my skin calm and hydrated.', 'A scent that is fresh but not too strong‚Äîsomething light and clean.', 'Eco-friendly packaging to support sustainability.', 'It should moisturize without leaving a greasy feeling.', 'Avoidance of harsh chemicals such as sulfates and parabens.'];0.0;0.3333333333333333;0.0
20;product preferences;if you would create the perfect body wash for you, what ingredients would it have? what other features you would prefer?;s_human;the important things for me are ingredients, i want to have full transparency on the ingredient list. this should be clearly stated in the packaging. it would be nice to have for each ingredient also what are the effects on the body. I want a clear glass bottle, minimalistic. The texture if the body lotion is also very imprtant to me, it should be soft but not heavy. I want it to smell oud like. ;If I were to create the perfect body wash, it would include organic coconut oil for hydration, aloe vera for soothing, and essential oils like lavender for a calming scent. I would ensure it‚Äôs free from harsh chemicals and packaged in biodegradable materials. A gentle exfoliating element from natural sources and cruelty-free testing would also be essential. Overall, it would nourish the skin while being kind to the planet.;A body wash with full transparency on ingredients (including each ingredient's effects), clear glass minimalistic packaging, a soft but not heavy texture, and an oud-like scent.;"An eco-friendly, gentle body wash with organic coconut oil, aloe vera, lavender essential oil, a natural exfoliant; free of harsh chemicals, cruelty-free, and packaged in biodegradable materials.";0.3;"Actual conclusion: an eco-friendly, gentle body wash with organic coconut oil, aloe vera, lavender essential oil, a natural exfoliant; free of harsh chemicals, cruelty-free, packaged in biodegradable materials. Expected conclusion: a body wash with full transparency on ingredients (including each ingredient's effects), clear glass minimalistic packaging, a soft but not heavy texture, and an oud-like scent. Alignment (0‚Äì1): 0.25. Justification: only low partial overlap (both mention packaging and having a scent) but they differ on key aspects‚Äîspecific ingredients vs transparency, scent type, texture‚Äîso alignment is minimal.";"['I want to have full transparency on the ingredient list.', 'This should be clearly stated in the packaging.', 'It would be nice to have for each ingredient also what are the effects on the body.', 'I want a clear glass bottle, minimalistic.', 'The texture of the body lotion is very important to me; it should be soft but not heavy.', 'I want it to smell oud-like.']";['Include organic coconut oil for hydration', 'Include aloe vera for soothing', 'Include essential oils like lavender for a calming scent', 'Ensure it‚Äôs free from harsh chemicals', 'Package it in biodegradable materials', 'Include a gentle exfoliating element from natural sources', 'Ensure cruelty-free testing'];0.0;0.16666666666666666;0.0
21;product preferences;if you would create the perfect body wash for you, what ingredients would it have? what other features you would prefer?;g_human;since i've never spent effort on investigating ingredients of a body wash, i don't have an answer to what ingredients should be in my perfect body wash. regarding other features, it should smell good and shouldn't impact the dryness of my skin in a negative way (ideally it effects it in a positive way);i‚Äôd love a body wash that blends real peppermint extract for a cool, refreshing feel with shea butter for deep moisture. a mild, herbal fragrance would keep it invigorating yet not overpowering. i‚Äôd also prefer a refillable pump bottle for convenience and to reduce waste‚Äîso it‚Äôs both a pleasant daily ritual and a more eco-friendly choice.;"No specific ingredient preferences; prefers a body wash that smells good and doesn't dry the skin (ideally improves skin dryness).";A body wash containing peppermint extract and shea butter, with a mild herbal fragrance and packaged in a refillable pump bottle for eco-friendliness.;0.6;The actual output partially matches: both mention a pleasant fragrance and moisturizing component (mild herbal fragrance and shea butter), aligning with the expected preference for a product that smells good and improves dryness. It diverges by giving specific ingredients (peppermint) and adding an eco-friendly refillable pump, whereas the expected response specified no particular ingredients and emphasized only non-drying/moisturizing effects. This partial overlap justifies a mid-level score.;"[""I have never spent effort investigating ingredients of a body wash, so I don't know which ingredients should be in my perfect body wash."", 'I prefer the body wash to smell good.', 'I prefer the body wash not to negatively impact the dryness of my skin.', ""Ideally the body wash would have a positive effect on my skin's dryness.""]";['Real peppermint extract provides a cool, refreshing feel.', 'Shea butter provides deep moisture.', 'A mild, herbal fragrance keeps the wash invigorating without being overpowering.', 'A refillable pump bottle offers convenience.', 'A refillable pump bottle reduces waste.'];0.2;0.75;0.31578947368421056
22;product preferences;"Which out of the following type of body lotion you would prefer and why? Option 1 ‚Äì Dove Body Love Nourished
Radiance Body Lotion Option 2 ‚Äì Dove Body Love Light Hydration Body Lotion Option 3 ‚Äì Dove Body Love Pro Age
Body Lotion for Mature Skin Option 4 ‚Äì Dove Body Love Supple Bounce Body Lotion";c_human;i would chose option 2;I‚Äôd probably go for Option 2 ‚Äì Dove Body Love Light Hydration Body Lotion. It sounds like it‚Äôs perfect for daily use, providing just the right amount of hydration without feeling too heavy. I‚Äôm not really after something super rich or intense, so a light hydration option is ideal. Plus, it‚Äôs something I can use every day without worrying about feeling greasy or sticky‚Äîjust smooth and soft skin!;Option 2 ‚Äì Dove Body Love Light Hydration Body Lotion;Option 2 ‚Äì Dove Body Love Light Hydration Body Lotion.;1.0;The Actual and Expected final conclusions are identical: both state Option 2 ‚Äì Dove Body Love Light Hydration Body Lotion. Following the steps (extract final outcomes and compare), the conclusions match exactly, so full alignment is justified.;[];['It sounds like it‚Äôs perfect for daily use.', 'It provides just the right amount of hydration without feeling too heavy.', 'I‚Äôm not really after something super rich or intense, so a light hydration option is ideal.', 'I can use it every day without worrying about feeling greasy or sticky.', 'It leaves skin smooth and soft.'];0.0;1.0;0.0
23;product preferences;"Which out of the following type of body lotion you would prefer and why? Option 1 ‚Äì Dove Body Love Nourished
Radiance Body Lotion Option 2 ‚Äì Dove Body Love Light Hydration Body Lotion Option 3 ‚Äì Dove Body Love Pro Age
Body Lotion for Mature Skin Option 4 ‚Äì Dove Body Love Supple Bounce Body Lotion";s_human;my first choice would be option 1 and option 2, from what i understand just from the desciption I would like to have smth that hydratates and nourishes my body;"I would prefer Option 2 ‚Äì Dove Body Love Light Hydration Body Lotion. I tend to go for products that provide hydration without being too heavy or greasy, and the ""light hydration"" aspect fits my preference. Since I‚Äôm sensitive to strong scents, I also appreciate that Dove‚Äôs body lotions generally have a mild fragrance. I also value sustainability, so Dove‚Äôs commitment to responsible sourcing and packaging aligns with my values, making it a good fit for my body care routine.";Option 1 and Option 2.;Option 2 ‚Äì Dove Body Love Light Hydration Body Lotion.;0.5;"The Expected conclusion is ""Option 1 and Option 2."" The Actual conclusion is ""Option 2 ‚Äì Dove Body Love Light Hydration Body Lotion."" The Actual output contains Option 2 (present in the Input as ""Option 2 ‚Äì Dove Body Love Light Hydration Body Lotion"") but omits Option 1 (""Option 1 ‚Äì Dove Body Love Nourished Radiance Body Lotion""), so this is a partial (half) overlap and receives a proportional score.";['The choice is based on the product descriptions provided.', 'Preference for a lotion that hydrates the body.', 'Preference for a lotion that nourishes the body.'];"[""I tend to go for products that provide hydration without being too heavy or greasy, and the 'light hydration' aspect fits my preference."", 'Since I‚Äôm sensitive to strong scents, I also appreciate that Dove‚Äôs body lotions generally have a mild fragrance.', 'I also value sustainability, so Dove‚Äôs commitment to responsible sourcing and packaging aligns with my values.']";0.3333333333333333;0.6666666666666666;0.4444444444444444
24;product preferences;"Which out of the following type of body lotion you would prefer and why? Option 1 ‚Äì Dove Body Love Nourished
Radiance Body Lotion Option 2 ‚Äì Dove Body Love Light Hydration Body Lotion Option 3 ‚Äì Dove Body Love Pro Age
Body Lotion for Mature Skin Option 4 ‚Äì Dove Body Love Supple Bounce Body Lotion";g_human;"i don't really feel addressed by any of the suggested product names. i think that i don't pay that much attention to product names (at least regarding personal care products). i rather pay attention to visual product designs. if I had to pick one, then ""dove body love light hydration body lotion"".";i‚Äôd pick the dove body love pro age body lotion for mature skin option because it absorbs quickly and feels weightless on my skin. that lightweight texture makes it easy to layer with my favorite scents, and it provides just the right amount of moisture for everyday comfort.;Dove Body Love Light Hydration Body Lotion;Dove Body Love Pro Age Body Lotion for Mature Skin.;0.0;"The decision prompt asked which body lotion to prefer. Extracted final conclusions: Actual = 'Dove Body Love Pro Age Body Lotion for Mature Skin' (Option 3); Expected = 'Dove Body Love Light Hydration Body Lotion' (Option 2). These are different, not semantically equivalent, so the alignment is 'different'.";"[""i don't really feel addressed by any of the suggested product names."", ""i think that i don't pay that much attention to product names (at least regarding personal care products)."", 'i rather pay attention to visual product designs.']";['It absorbs quickly.', 'It feels weightless on my skin.', 'The lightweight texture makes it easy to layer with my favorite scents.', 'It provides just the right amount of moisture for everyday comfort.'];0.0;0.0;0.0
25;brand loyalty;How likely are you to repurchase your preferred personal care brand, and what factors influence your loyalty to that brand?;c_human;as i said i would rebuy a brand if the product is working for me, has a good affortable price and smells good;I‚Äôd say I‚Äôm pretty likely to repurchase if a brand works well for me. I mean, if it keeps my skin feeling good and smells nice, I‚Äôm happy. I also really like when a brand cares about sustainability‚Äîwhether it‚Äôs how they package stuff or the ingredients they use. And of course, price matters too. I‚Äôm not looking to spend a lot on products that don‚Äôt make a difference. As long as it feels nice, doesn‚Äôt irritate my skin, and isn‚Äôt crazy expensive, I‚Äôll definitely stick with it!;Would repurchase a brand if the product works, is affordable, and smells good.;Pretty likely to repurchase if the brand works well, is gentle on my skin, sustainable, and reasonably priced.;0.7;"Both conclude a willingness to repurchase conditional on the product working and being affordable (Actual: ‚Äúworks well‚Äù and ‚Äúreasonably priced‚Äù; Expected: ‚Äúproduct works‚Äù and ‚Äúaffordable‚Äù), so the core outcome matches. They differ on secondary factors: Actual cites gentleness on skin and sustainability, while Expected cites scent, so overlap is partial rather than full.";['the product is working for me', 'the product has a good affordable price', 'the product smells good'];"['A brand that works well for me increases the likelihood of repurchase.', ""If a product keeps my skin feeling good, I'm happy with it."", 'A product that smells nice contributes to my preference.', 'I prefer brands that care about sustainability, including their packaging and the ingredients they use.', ""Price matters; I'm not looking to spend a lot on products that don't make a difference."", 'The product should feel nice in use.', 'The product should not irritate my skin.', 'The product should not be crazy expensive.']";0.5;1.0;0.6666666666666666
26;brand loyalty;How likely are you to repurchase your preferred personal care brand, and what factors influence your loyalty to that brand?;s_human;if i am happy with the quality of the product, i stick to the brand, but i do not care much of the brand rather then the product itself. ;I'm highly likely to repurchase my preferred personal care brands if they consistently deliver effective results, use clean and organic ingredients, have minimalistic and sustainable packaging, and align with my values of sustainability and ethical practices.;"I will repurchase if satisfied with the product's quality; my loyalty is to the product rather than the brand.";Highly likely to repurchase preferred personal care brands if they deliver effective results, use clean/organic ingredients, have minimal and sustainable packaging, and align with sustainability and ethical values.;0.5;"Partial match: both conclude repurchase is conditional on product effectiveness/quality (overlap), but the Actual asserts brand-level loyalty tied to clean/organic ingredients, sustainable packaging, and ethical alignment while the Expected explicitly says loyalty is to the product rather than the brand; scored at midpoint reflecting ~50% overlap.";['If I am happy with the quality of the product, I stick to the brand.', 'I care more about the product itself than about the brand.'];['They consistently deliver effective results', 'They use clean and organic ingredients', 'They have minimalistic and sustainable packaging', 'They align with my values of sustainability and ethical practices'];0.25;0.0;0.0
27;brand loyalty;How likely are you to repurchase your preferred personal care brand, and what factors influence your loyalty to that brand?;g_human;i don't have a favorite personal care brand, so I can't answer what factors influence my loyalty. my generic answer would be high quality products with fair pricing.;i don‚Äôt really have a single favorite brand, but if i happen to like one and it stays easy to find and reasonably priced, i usually stick with it. convenience, price, and whether i‚Äôve had any issues using it before are the main reasons i keep buying the same product.;I don't have a favorite personal care brand.;"No single favorite; will usually repurchase a brand if it's easy to find and reasonably priced.";1.0;"Both the Actual Output (‚ÄúNo single favorite; will usually repurchase‚Ä¶‚Äù) and the Expected Output (‚ÄúI don't have a favorite personal care brand‚Äù) select the same 'no favorite' outcome from the decision space (not having a preferred brand), so the conclusions fully align.";"[""I don't have a favorite personal care brand."", ""Because I don't have a favorite brand, I can't answer what factors influence my loyalty.""]";"['Liking the brand influences whether I repurchase it', 'The brand staying easy to find (availability) affects repurchase', 'Reasonable price influences repurchase decisions', 'Convenience is a main reason for continuing to buy the same product', ""Whether I've had any issues using the product before affects my loyalty""]";0.0;0.0;0.0
28;shopping behavior;How do you discover new personal care products, and what influences your decision to try them?;c_human;usually my friends or what i see is famous in instagram;I mostly discover new products through friends or social media. If someone I trust recommends something or I see a positive review, that‚Äôs usually what gets my attention. I also pay attention to any cool ads or influencer posts that feel genuine, but it‚Äôs mostly about the product having a good reputation or sounding like it fits my needs. What influences me to try something new? It‚Äôs got to be something that aligns with what I already like‚Äîsomething simple, effective, and not full of harsh ingredients. I also check the price to make sure it‚Äôs reasonable.;Usually through friends and popular content on Instagram.;I discover products via friends and social media, and try those with good reputations that fit my preferences (simple, effective, non-harsh ingredients) and reasonable price.;1.0;"The Expected outcome focuses on discovery via friends and Instagram. The Actual explicitly states discovery via friends and social media (synonymous with Instagram), so the core decision matches exactly; the Actual adds non-conflicting extra influences (reputation, ingredient preferences, price), so overall full alignment with the Expected discovery outcome.";['Recommendations from friends', 'Products that are popular or trending on Instagram'];"['I mostly discover new products through friends or social media.', 'If someone I trust recommends something or I see a positive review, that‚Äôs usually what gets my attention.', 'I pay attention to any cool ads or influencer posts that feel genuine.', ""It's mostly about the product having a good reputation or sounding like it fits my needs."", 'It‚Äôs got to be something that aligns with what I already like‚Äîsomething simple and effective.', 'I prefer products that are not full of harsh ingredients.', 'I check the price to make sure it‚Äôs reasonable.']";0.5714285714285714;1.0;0.7272727272727273
29;shopping behavior;How do you discover new personal care products, and what influences your decision to try them?;s_human;mostly from instagram, people that i follow. there are a few people that have same skin issues as i do or hten could also be from friends;I discover new personal care products mainly through social media, especially dermatologists and skincare experts on Instagram. I also do my own research to check ingredients and reviews. I‚Äôm influenced to try products if they‚Äôre high-quality, organic, sustainable, and have good performance without strong scents or harsh textures. If the packaging is minimalistic and functional, that's a bonus!;Mostly from Instagram (people I follow), and sometimes from friends.;I discover products mainly through social media (especially dermatologists/skincare experts on Instagram) and try them if they are high-quality, organic/sustainable, perform well, have mild/no strong scents or harsh textures, and have minimalistic functional packaging.;0.5;Partial match: both conclude Instagram is the primary discovery source. The Actual Output specifies social media (especially dermatologists/skincare experts on Instagram) and adds detailed decision factors (quality, organic/sustainable, scent, texture, packaging), while the Expected Output mentions Instagram and sometimes friends ‚Äî a detail the Actual omits. Because they share the same main conclusion but differ on secondary sources and include different additional details, the overlap is about half.;['Most new personal care products are discovered on Instagram from people the user follows.', 'The user follows people who share the same skin issues, making their recommendations relevant.', 'Friends are another source of product recommendations.'];"['I discover new personal care products mainly through social media, especially dermatologists and skincare experts on Instagram.', 'I do my own research to check ingredients and reviews.', ""I'm influenced to try products if they're high-quality."", ""I'm influenced to try products if they're organic."", ""I'm influenced to try products if they're sustainable."", ""I'm influenced to try products that have good performance without strong scents."", ""I'm influenced to try products that have good performance without harsh textures."", 'Minimalistic and functional packaging is a bonus.']";0.125;0.3333333333333333;0.18181818181818182
30;shopping behavior;How do you discover new personal care products, and what influences your decision to try them?;g_human;when buying a new product in the past, i think i mainly discovered them unintentionally when being in the personal care section of a supermarket. i think i could be influenced by the design of the product and whether i recognize the brand.;i mostly come across new products by chance when i‚Äôm shopping or if a friend mentions something they like. if it seems practical, within my usual budget, and doesn‚Äôt have a scent or texture i dislike, i might pick it up to see how it works.;I mainly discover new personal care products unintentionally in supermarket aisles, influenced by product design and brand recognition.;I discover new products by chance while shopping or through friends, and I try them if they're practical, within my budget, and have an acceptable scent/texture.;0.5;Actual conclusion: discover products by chance while shopping or through friends and try them if practical, within budget, with acceptable scent/texture. Expected conclusion: discover unintentionally in supermarket aisles, influenced by product design and brand recognition. Discovery method matches (shopping/aisles) but decision influences do not overlap, so outcomes partially align ‚Äî hence a midscore reflecting one matched element and one mismatched element.;['I mainly discovered new products unintentionally while in the personal care section of a supermarket.', 'I could be influenced by the design of the product.', 'I could be influenced by whether I recognize the brand.'];['I come across new products by chance when shopping', 'A friend mentions a product they like', 'The product seems practical', 'The product is within my usual budget', 'The product does not have a scent I dislike', 'The product does not have a texture I dislike'];0.16666666666666666;0.3333333333333333;0.2222222222222222
